{
    "$schema": "https://schema.management.azure.com/schemas/2015-01-01/deploymentParameters.json#",
    "contentVersion": "1.0.0.0",
    "parameters": {
        "sites_IrenGroupCalling_name": {
            "value": null
        },
        "storageAccounts_irengcstroageaccount_name": {
            "value": null
        },
        "serverfarms_AppServicePlan_IrenGroupCalling_name": {
            "value": null
        },
        "communicationServices_CommunicationServices_IrenGroupCalling_name": {
            "value": null
        }
    }
}