{
    "$schema": "https://schema.management.azure.com/schemas/2019-04-01/deploymentTemplate.json#",
    "contentVersion": "1.0.0.0",
    "parameters": {
        "sites_IrenGroupCalling_name": {
            "defaultValue": "IrenGroupCalling",
            "type": "String"
        },
        "storageAccounts_irengcstroageaccount_name": {
            "defaultValue": "irengcstroageaccount",
            "type": "String"
        },
        "serverfarms_AppServicePlan_IrenGroupCalling_name": {
            "defaultValue": "AppServicePlan-IrenGroupCalling",
            "type": "String"
        },
        "communicationServices_CommunicationServices_IrenGroupCalling_name": {
            "defaultValue": "CommunicationServices-IrenGroupCalling",
            "type": "String"
        }
    },
    "variables": {},
    "resources": [
        {
            "type": "Microsoft.Communication/communicationServices",
            "apiVersion": "2022-07-01-preview",
            "name": "[parameters('communicationServices_CommunicationServices_IrenGroupCalling_name')]",
            "location": "global",
            "properties": {
                "dataLocation": "United States"
            }
        },
        {
            "type": "Microsoft.Storage/storageAccounts",
            "apiVersion": "2022-05-01",
            "name": "[parameters('storageAccounts_irengcstroageaccount_name')]",
            "location": "westeurope",
            "sku": {
                "name": "Standard_RAGRS",
                "tier": "Standard"
            },
            "kind": "StorageV2",
            "properties": {
                "dnsEndpointType": "Standard",
                "defaultToOAuthAuthentication": false,
                "publicNetworkAccess": "Enabled",
                "allowCrossTenantReplication": true,
                "minimumTlsVersion": "TLS1_2",
                "allowBlobPublicAccess": true,
                "allowSharedKeyAccess": true,
                "networkAcls": {
                    "bypass": "AzureServices",
                    "virtualNetworkRules": [],
                    "ipRules": [],
                    "defaultAction": "Allow"
                },
                "supportsHttpsTrafficOnly": true,
                "encryption": {
                    "requireInfrastructureEncryption": false,
                    "services": {
                        "file": {
                            "keyType": "Account",
                            "enabled": true
                        },
                        "blob": {
                            "keyType": "Account",
                            "enabled": true
                        }
                    },
                    "keySource": "Microsoft.Storage"
                },
                "accessTier": "Hot"
            }
        },
        {
            "type": "Microsoft.Web/serverfarms",
            "apiVersion": "2022-03-01",
            "name": "[parameters('serverfarms_AppServicePlan_IrenGroupCalling_name')]",
            "location": "West Europe",
            "sku": {
                "name": "F1",
                "tier": "Free",
                "size": "F1",
                "family": "F",
                "capacity": 0
            },
            "kind": "app",
            "properties": {
                "perSiteScaling": false,
                "elasticScaleEnabled": false,
                "maximumElasticWorkerCount": 1,
                "isSpot": false,
                "reserved": false,
                "isXenon": false,
                "hyperV": false,
                "targetWorkerCount": 0,
                "targetWorkerSizeId": 0,
                "zoneRedundant": false
            }
        },
        {
            "type": "Microsoft.Storage/storageAccounts/blobServices",
            "apiVersion": "2022-05-01",
            "name": "[concat(parameters('storageAccounts_irengcstroageaccount_name'), '/default')]",
            "dependsOn": [
                "[resourceId('Microsoft.Storage/storageAccounts', parameters('storageAccounts_irengcstroageaccount_name'))]"
            ],
            "sku": {
                "name": "Standard_RAGRS",
                "tier": "Standard"
            },
            "properties": {
                "cors": {
                    "corsRules": []
                },
                "deleteRetentionPolicy": {
                    "allowPermanentDelete": false,
                    "enabled": true,
                    "days": 7
                },
                "isVersioningEnabled": false,
                "changeFeed": {
                    "enabled": false
                },
                "restorePolicy": {
                    "enabled": false
                },
                "containerDeleteRetentionPolicy": {
                    "enabled": true,
                    "days": 7
                }
            }
        },
        {
            "type": "Microsoft.Storage/storageAccounts/fileServices",
            "apiVersion": "2022-05-01",
            "name": "[concat(parameters('storageAccounts_irengcstroageaccount_name'), '/default')]",
            "dependsOn": [
                "[resourceId('Microsoft.Storage/storageAccounts', parameters('storageAccounts_irengcstroageaccount_name'))]"
            ],
            "sku": {
                "name": "Standard_RAGRS",
                "tier": "Standard"
            },
            "properties": {
                "protocolSettings": {
                    "smb": {}
                },
                "cors": {
                    "corsRules": []
                },
                "shareDeleteRetentionPolicy": {
                    "enabled": true,
                    "days": 7
                }
            }
        },
        {
            "type": "Microsoft.Storage/storageAccounts/queueServices",
            "apiVersion": "2022-05-01",
            "name": "[concat(parameters('storageAccounts_irengcstroageaccount_name'), '/default')]",
            "dependsOn": [
                "[resourceId('Microsoft.Storage/storageAccounts', parameters('storageAccounts_irengcstroageaccount_name'))]"
            ],
            "properties": {
                "cors": {
                    "corsRules": []
                }
            }
        },
        {
            "type": "Microsoft.Storage/storageAccounts/tableServices",
            "apiVersion": "2022-05-01",
            "name": "[concat(parameters('storageAccounts_irengcstroageaccount_name'), '/default')]",
            "dependsOn": [
                "[resourceId('Microsoft.Storage/storageAccounts', parameters('storageAccounts_irengcstroageaccount_name'))]"
            ],
            "properties": {
                "cors": {
                    "corsRules": []
                }
            }
        },
        {
            "type": "Microsoft.Web/sites",
            "apiVersion": "2022-03-01",
            "name": "[parameters('sites_IrenGroupCalling_name')]",
            "location": "West Europe",
            "dependsOn": [
                "[resourceId('Microsoft.Web/serverfarms', parameters('serverfarms_AppServicePlan_IrenGroupCalling_name'))]"
            ],
            "kind": "app",
            "identity": {
                "type": "SystemAssigned"
            },
            "properties": {
                "enabled": true,
                "hostNameSslStates": [
                    {
                        "name": "irengroupcalling.azurewebsites.net",
                        "sslState": "Disabled",
                        "hostType": "Standard"
                    },
                    {
                        "name": "irengroupcalling.scm.azurewebsites.net",
                        "sslState": "Disabled",
                        "hostType": "Repository"
                    }
                ],
                "serverFarmId": "[resourceId('Microsoft.Web/serverfarms', parameters('serverfarms_AppServicePlan_IrenGroupCalling_name'))]",
                "reserved": false,
                "isXenon": false,
                "hyperV": false,
                "vnetRouteAllEnabled": false,
                "vnetImagePullEnabled": false,
                "vnetContentShareEnabled": false,
                "siteConfig": {
                    "numberOfWorkers": 1,
                    "acrUseManagedIdentityCreds": false,
                    "alwaysOn": false,
                    "http20Enabled": false,
                    "functionAppScaleLimit": 0,
                    "minimumElasticInstanceCount": 0
                },
                "scmSiteAlsoStopped": false,
                "clientAffinityEnabled": true,
                "clientCertEnabled": false,
                "clientCertMode": "Required",
                "hostNamesDisabled": false,
                "customDomainVerificationId": "F7B1D77496530EBD9ABBF956F715CF29B2A35BDBAC2FEF77B5963BA1D9AC6037",
                "containerSize": 0,
                "dailyMemoryTimeQuota": 0,
                "httpsOnly": true,
                "redundancyMode": "None",
                "storageAccountRequired": false,
                "keyVaultReferenceIdentity": "SystemAssigned"
            }
        },
        {
            "type": "Microsoft.Web/sites/basicPublishingCredentialsPolicies",
            "apiVersion": "2022-03-01",
            "name": "[concat(parameters('sites_IrenGroupCalling_name'), '/ftp')]",
            "location": "West Europe",
            "dependsOn": [
                "[resourceId('Microsoft.Web/sites', parameters('sites_IrenGroupCalling_name'))]"
            ],
            "properties": {
                "allow": true
            }
        },
        {
            "type": "Microsoft.Web/sites/basicPublishingCredentialsPolicies",
            "apiVersion": "2022-03-01",
            "name": "[concat(parameters('sites_IrenGroupCalling_name'), '/scm')]",
            "location": "West Europe",
            "dependsOn": [
                "[resourceId('Microsoft.Web/sites', parameters('sites_IrenGroupCalling_name'))]"
            ],
            "properties": {
                "allow": true
            }
        },
        {
            "type": "Microsoft.Web/sites/config",
            "apiVersion": "2022-03-01",
            "name": "[concat(parameters('sites_IrenGroupCalling_name'), '/web')]",
            "location": "West Europe",
            "dependsOn": [
                "[resourceId('Microsoft.Web/sites', parameters('sites_IrenGroupCalling_name'))]"
            ],
            "properties": {
                "numberOfWorkers": 1,
                "defaultDocuments": [
                    "Default.htm",
                    "Default.html",
                    "Default.asp",
                    "index.htm",
                    "index.html",
                    "iisstart.htm",
                    "default.aspx",
                    "index.php",
                    "hostingstart.html"
                ],
                "netFrameworkVersion": "v4.0",
                "phpVersion": "5.6",
                "requestTracingEnabled": false,
                "remoteDebuggingEnabled": false,
                "remoteDebuggingVersion": "VS2019",
                "httpLoggingEnabled": false,
                "acrUseManagedIdentityCreds": false,
                "logsDirectorySizeLimit": 35,
                "detailedErrorLoggingEnabled": false,
                "publishingUsername": "$IrenGroupCalling",
                "scmType": "LocalGit",
                "use32BitWorkerProcess": true,
                "webSocketsEnabled": false,
                "alwaysOn": false,
                "managedPipelineMode": "Integrated",
                "virtualApplications": [
                    {
                        "virtualPath": "/",
                        "physicalPath": "site\\wwwroot",
                        "preloadEnabled": false
                    }
                ],
                "loadBalancing": "LeastRequests",
                "experiments": {
                    "rampUpRules": []
                },
                "autoHealEnabled": false,
                "vnetRouteAllEnabled": false,
                "vnetPrivatePortsCount": 0,
                "localMySqlEnabled": false,
                "managedServiceIdentityId": 45628,
                "ipSecurityRestrictions": [
                    {
                        "ipAddress": "Any",
                        "action": "Allow",
                        "priority": 2147483647,
                        "name": "Allow all",
                        "description": "Allow all access"
                    }
                ],
                "scmIpSecurityRestrictions": [
                    {
                        "ipAddress": "Any",
                        "action": "Allow",
                        "priority": 2147483647,
                        "name": "Allow all",
                        "description": "Allow all access"
                    }
                ],
                "scmIpSecurityRestrictionsUseMain": false,
                "http20Enabled": false,
                "minTlsVersion": "1.2",
                "scmMinTlsVersion": "1.2",
                "ftpsState": "AllAllowed",
                "preWarmedInstanceCount": 0,
                "functionsRuntimeScaleMonitoringEnabled": false,
                "minimumElasticInstanceCount": 0,
                "azureStorageAccounts": {}
            }
        },
        {
            "type": "Microsoft.Web/sites/deployments",
            "apiVersion": "2022-03-01",
            "name": "[concat(parameters('sites_IrenGroupCalling_name'), '/cf687f5ce9e974e40e281d1af4a717dffd6b0ab9')]",
            "location": "West Europe",
            "dependsOn": [
                "[resourceId('Microsoft.Web/sites', parameters('sites_IrenGroupCalling_name'))]"
            ],
            "properties": {
                "status": 4,
                "author_email": "82062616+prprabhu-ms@users.noreply.github.com",
                "author": "Prathmesh Prabhu",
                "deployer": "$IrenGroupCalling",
                "message": "Fix teams interop call initiation (#162)\n\n* Fix teams interop call initiation\n\n* lint clean",
                "start_time": "2022-11-08T15:38:39.4439375Z",
                "end_time": "2022-11-08T15:38:48.1639305Z",
                "active": true
            }
        },
        {
            "type": "Microsoft.Web/sites/hostNameBindings",
            "apiVersion": "2022-03-01",
            "name": "[concat(parameters('sites_IrenGroupCalling_name'), '/', parameters('sites_IrenGroupCalling_name'), '.azurewebsites.net')]",
            "location": "West Europe",
            "dependsOn": [
                "[resourceId('Microsoft.Web/sites', parameters('sites_IrenGroupCalling_name'))]"
            ],
            "properties": {
                "siteName": "IrenGroupCalling",
                "hostNameType": "Verified"
            }
        }
    ]
}